Insert into SYSTEM.WYPOZYCZENIA
(ID_WYPOZYCZENIA,DATA_WYPOZYCZENIA,DATA_ZWROTU,ID_FILMU,ID_KLIENTA)
values ('1',to_date('24/01/02','RR/MM/DD'),null,'1','1');
Insert into SYSTEM.WYPOZYCZENIA
(ID_WYPOZYCZENIA,DATA_WYPOZYCZENIA,DATA_ZWROTU,ID_FILMU,ID_KLIENTA)
values ('2',to_date('24/01/15','RR/MM/DD'),null,'1','1');
Insert into SYSTEM.WYPOZYCZENIA
(ID_WYPOZYCZENIA,DATA_WYPOZYCZENIA,DATA_ZWROTU,ID_FILMU,ID_KLIENTA)
values ('3',to_date('19/01/03','RR/MM/DD'),to_date('19/01/14','RR/MM/DD'),'5','2');
Insert into SYSTEM.WYPOZYCZENIA
(ID_WYPOZYCZENIA,DATA_WYPOZYCZENIA,DATA_ZWROTU,ID_FILMU,ID_KLIENTA)
values ('4',to_date('24/01/11','RR/MM/DD'),to_date('24/01/14','RR/MM/DD'),'5','2');
Insert into SYSTEM.WYPOZYCZENIA
(ID_WYPOZYCZENIA,DATA_WYPOZYCZENIA,DATA_ZWROTU,ID_FILMU,ID_KLIENTA)
values ('5',to_date('23/01/10','RR/MM/DD'),to_date('23/01/24','RR/MM/DD'),'6','3');
Insert into SYSTEM.WYPOZYCZENIA
(ID_WYPOZYCZENIA,DATA_WYPOZYCZENIA,DATA_ZWROTU,ID_FILMU,ID_KLIENTA)
values ('6',to_date('24/01/15','RR/MM/DD'),null,'6','2');
Insert into SYSTEM.WYPOZYCZENIA
(ID_WYPOZYCZENIA,DATA_WYPOZYCZENIA,DATA_ZWROTU,ID_FILMU,ID_KLIENTA)
values ('7',to_date('23/03/03','RR/MM/DD'),null,'1','3');
Insert into SYSTEM.REZYSERZY
(ID_REZYSERA,IMIE_REZYSERA,NAZWISKO_REZYSERA) values ('1','Anthony ','Russo');
Insert into SYSTEM.REZYSERZY
(ID_REZYSERA,IMIE_REZYSERA,NAZWISKO_REZYSERA) values ('2','Francis Ford
','Coppola');
Insert into SYSTEM.REZYSERZY
(ID_REZYSERA,IMIE_REZYSERA,NAZWISKO_REZYSERA) values ('3','Frank ','Darabont');
Insert into SYSTEM.REZYSERZY
(ID_REZYSERA,IMIE_REZYSERA,NAZWISKO_REZYSERA) values ('4','James ','Cameron');
Insert into SYSTEM.REZYSERZY
(ID_REZYSERA,IMIE_REZYSERA,NAZWISKO_REZYSERA) values ('5','Christopher
','Nolan');
Insert into SYSTEM.REZYSERZY
(ID_REZYSERA,IMIE_REZYSERA,NAZWISKO_REZYSERA) values ('6','Quentin ','Tarantino');
Insert into SYSTEM.REZYSERZY
(ID_REZYSERA,IMIE_REZYSERA,NAZWISKO_REZYSERA) values ('7','Lana ','Wachowski');
Insert into SYSTEM.REZYSERZY
(ID_REZYSERA,IMIE_REZYSERA,NAZWISKO_REZYSERA) values ('8','George ','Lucas');
Insert into SYSTEM.REZYSERZY
(ID_REZYSERA,IMIE_REZYSERA,NAZWISKO_REZYSERA) values ('9','Robert ','Zemeckis');
Insert into SYSTEM.REZYSERZY
(ID_REZYSERA,IMIE_REZYSERA,NAZWISKO_REZYSERA) values ('10','Jonathan
','Demme');
Insert into SYSTEM.REZYSERZY
(ID_REZYSERA,IMIE_REZYSERA,NAZWISKO_REZYSERA) values ('11','Steven ','Spielberg');
Insert into SYSTEM.REZYSERZY
(ID_REZYSERA,IMIE_REZYSERA,NAZWISKO_REZYSERA) values ('12','John ','McTiernan');
Insert into SYSTEM.REZYSERZY
(ID_REZYSERA,IMIE_REZYSERA,NAZWISKO_REZYSERA) values ('13','Roger ','Allers');
Insert into SYSTEM.RECENZJE
(ID_RECENZJI,OCENA,TRESC_RECENZJI,ID_FILMU,ID_RECENZENTA) values
('1','7','Super','1','1');
Insert into SYSTEM.RECENZJE
(ID_RECENZJI,OCENA,TRESC_RECENZJI,ID_FILMU,ID_RECENZENTA) values
('2','8','Przyjemny film','6','2');
Insert into SYSTEM.RECENZJE
(ID_RECENZJI,OCENA,TRESC_RECENZJI,ID_FILMU,ID_RECENZENTA) values
('3','4','WoW','7','3');
Insert into SYSTEM.RECENZJE
(ID_RECENZJI,OCENA,TRESC_RECENZJI,ID_FILMU,ID_RECENZENTA) values
('4','6','Mega','8','4');
Insert into SYSTEM.RECENZJE
(ID_RECENZJI,OCENA,TRESC_RECENZJI,ID_FILMU,ID_RECENZENTA) values
('5','8','Œredni','4','1');
Insert into SYSTEM.RECENZJE
(ID_RECENZJI,OCENA,TRESC_RECENZJI,ID_FILMU,ID_RECENZENTA) values
('6','2','Bardzo œredni film','15','1');
Insert into SYSTEM.RECENZJE
(ID_RECENZJI,OCENA,TRESC_RECENZJI,ID_FILMU,ID_RECENZENTA) values
('7','5','ok','11','3');
Insert into SYSTEM.RECENZJE
(ID_RECENZJI,OCENA,TRESC_RECENZJI,ID_FILMU,ID_RECENZENTA) values
('8','4','git','6','4');
Insert into SYSTEM.RECENZENCI
(ID_RECENZENTA,IMIE_RECENZENTA,NAZWISKO_RECENZENTA) values ('1','Marcin','W');
Insert into SYSTEM.RECENZENCI
(ID_RECENZENTA,IMIE_RECENZENTA,NAZWISKO_RECENZENTA) values ('2','Marian','P');
Insert into SYSTEM.RECENZENCI
(ID_RECENZENTA,IMIE_RECENZENTA,NAZWISKO_RECENZENTA) values ('3','Eryk','M');
Insert into SYSTEM.RECENZENCI
(ID_RECENZENTA,IMIE_RECENZENTA,NAZWISKO_RECENZENTA) values ('4','Piotr','O');
Insert into SYSTEM.KLIENCI
(ID_KLIENTA,IMIE_KLIENTA,NAZWISKO_KLIENTA,LOGIN,HASLO) values
('1','Marian','G','sdf79s','0sdf8sdf0s');
Insert into SYSTEM.KLIENCI
(ID_KLIENTA,IMIE_KLIENTA,NAZWISKO_KLIENTA,LOGIN,HASLO) values
('2','Pawel','M','sdfsdf','dsfsdf980sdf');
Insert into SYSTEM.KLIENCI
(ID_KLIENTA,IMIE_KLIENTA,NAZWISKO_KLIENTA,LOGIN,HASLO) values
('3','Maria','K','sdfsss','sdf8998sdfsdf');
Insert into SYSTEM.GATUNEK (ID_GATUNKU,NAZWA_GATUNKU) values ('1','Akcja');
Insert into SYSTEM.GATUNEK (ID_GATUNKU,NAZWA_GATUNKU) values ('2','Sci-fi');
Insert into SYSTEM.GATUNEK (ID_GATUNKU,NAZWA_GATUNKU) values ('3','Gangsterski');
Insert into SYSTEM.GATUNEK (ID_GATUNKU,NAZWA_GATUNKU) values ('4','Dramat ');
Insert into SYSTEM.GATUNEK (ID_GATUNKU,NAZWA_GATUNKU) values ('5','Wiêzienny');
Insert into SYSTEM.GATUNEK (ID_GATUNKU,NAZWA_GATUNKU) values
('6','Romantyczny');
Insert into SYSTEM.GATUNEK (ID_GATUNKU,NAZWA_GATUNKU) values ('7','Thriller');
Insert into SYSTEM.GATUNEK (ID_GATUNKU,NAZWA_GATUNKU) values
('8','Przygodowy');
Insert into SYSTEM.GATUNEK (ID_GATUNKU,NAZWA_GATUNKU) values ('9','Komedia');
Insert into SYSTEM.GATUNEK (ID_GATUNKU,NAZWA_GATUNKU) values ('10','Animacja');
Insert into SYSTEM.GATUNEK (ID_GATUNKU,NAZWA_GATUNKU) values ('11','Horror');
Insert into SYSTEM.FILMY
(ID_FILMU,TYTUL,CENA,DLUGOSC,ROK_PRODUKCJI,ID_DYSTRYBUTORA,ID_REZYSERA) values ('1','Avengers: Endgame','30','180',to_date('00/03/02','RR/MM/DD'),'1','1');
Insert into SYSTEM.FILMY
(ID_FILMU,TYTUL,CENA,DLUGOSC,ROK_PRODUKCJI,ID_DYSTRYBUTORA,ID_REZYSERA) values ('2','The Godfather','20','180',to_date('23/03/04','RR/MM/DD'),'2','2');
Insert into SYSTEM.FILMY
(ID_FILMU,TYTUL,CENA,DLUGOSC,ROK_PRODUKCJI,ID_DYSTRYBUTORA,ID_REZYSERA) values ('3','The Shawshank Redemption','13','140',to_date('60/03/12','RR/MM/DD'),'3','3');
Insert into SYSTEM.FILMY
(ID_FILMU,TYTUL,CENA,DLUGOSC,ROK_PRODUKCJI,ID_DYSTRYBUTORA,ID_REZYSERA) values ('4','Titanic','23','190',to_date('23/03/06','RR/MM/DD'),'2','4');
Insert into SYSTEM.FILMY
(ID_FILMU,TYTUL,CENA,DLUGOSC,ROK_PRODUKCJI,ID_DYSTRYBUTORA,ID_REZYSERA) values ('5','The Dark Knight','25','150',to_date('16/03/17','RR/MM/DD'),'3','5');
Insert into SYSTEM.FILMY    
(ID_FILMU,TYTUL,CENA,DLUGOSC,ROK_PRODUKCJI,ID_DYSTRYBUTORA,ID_REZYSERA) values ('6','Pulp Fiction','15','150',to_date('23/03/04','RR/MM/DD'),'4','6');
Insert into SYSTEM.FILMY
(ID_FILMU,TYTUL,CENA,DLUGOSC,ROK_PRODUKCJI,ID_DYSTRYBUTORA,ID_REZYSERA) values ('7','The Matrix','18','140',to_date('00/03/19','RR/MM/DD'),'3','7');
Insert into SYSTEM.FILMY
(ID_FILMU,TYTUL,CENA,DLUGOSC,ROK_PRODUKCJI,ID_DYSTRYBUTORA,ID_REZYSERA) values ('8','Star Wars: A New Hope','16','120',to_date('23/03/01','RR/MM/DD'),'5','8');
Insert into SYSTEM.FILMY
(ID_FILMU,TYTUL,CENA,DLUGOSC,ROK_PRODUKCJI,ID_DYSTRYBUTORA,ID_REZYSERA) values ('9','Forrest Gump','17','140',to_date('16/05/06','RR/MM/DD'),'2','9');
Insert into SYSTEM.FILMY
(ID_FILMU,TYTUL,CENA,DLUGOSC,ROK_PRODUKCJI,ID_DYSTRYBUTORA,ID_REZYSERA) values ('10','The Silence of the Lambs','14','120',to_date('06/08/09','RR/MM/DD'),'6','10');
Insert into SYSTEM.FILMY
(ID_FILMU,TYTUL,CENA,DLUGOSC,ROK_PRODUKCJI,ID_DYSTRYBUTORA,ID_REZYSERA) values ('11','Jaws','12','120',to_date('08/03/09','RR/MM/DD'),'7','11');
Insert into SYSTEM.FILMY
(ID_FILMU,TYTUL,CENA,DLUGOSC,ROK_PRODUKCJI,ID_DYSTRYBUTORA,ID_REZYSERA) values ('12','Jurassic Park','19','130',to_date('04/03/04','RR/MM/DD'),'7','11');
Insert into SYSTEM.FILMY
(ID_FILMU,TYTUL,CENA,DLUGOSC,ROK_PRODUKCJI,ID_DYSTRYBUTORA,ID_REZYSERA) values ('13','The Terminator','11','110',to_date('96/03/06','RR/MM/DD'),'6','4');
Insert into SYSTEM.FILMY
(ID_FILMU,TYTUL,CENA,DLUGOSC,ROK_PRODUKCJI,ID_DYSTRYBUTORA,ID_REZYSERA) values ('14','Die Hard','17','130',to_date('03/03/12','RR/MM/DD'),'5','12');
Insert into SYSTEM.FILMY
(ID_FILMU,TYTUL,CENA,DLUGOSC,ROK_PRODUKCJI,ID_DYSTRYBUTORA,ID_REZYSERA) values ('15','The Lion King','13','88',to_date('00/03/07','RR/MM/DD'),'8','13');
Insert into SYSTEM.FILMY
(ID_FILMU,TYTUL,CENA,DLUGOSC,ROK_PRODUKCJI,ID_DYSTRYBUTORA,ID_REZYSERA) values ('16','Ciekawy film','18','25',to_date('13/12/03','RR/MM/DD'),'1','1');
Insert into SYSTEM.FILM_GATUNEK (ID_GATUNKU,ID_FILMU) values ('1','1');
Insert into SYSTEM.FILM_GATUNEK (ID_GATUNKU,ID_FILMU) values ('2','1');
Insert into SYSTEM.FILM_GATUNEK (ID_GATUNKU,ID_FILMU) values ('3','2');
Insert into SYSTEM.FILM_GATUNEK (ID_GATUNKU,ID_FILMU) values ('4','3');
Insert into SYSTEM.FILM_GATUNEK (ID_GATUNKU,ID_FILMU) values ('5','3');
Insert into SYSTEM.FILM_GATUNEK (ID_GATUNKU,ID_FILMU) values ('6','4');
Insert into SYSTEM.FILM_GATUNEK (ID_GATUNKU,ID_FILMU) values ('4','4');
Insert into SYSTEM.FILM_GATUNEK (ID_GATUNKU,ID_FILMU) values ('1','5');
Insert into SYSTEM.FILM_GATUNEK (ID_GATUNKU,ID_FILMU) values ('7','5');
Insert into SYSTEM.FILM_GATUNEK (ID_GATUNKU,ID_FILMU) values ('3','6');
Insert into SYSTEM.FILM_GATUNEK (ID_GATUNKU,ID_FILMU) values ('1','7');
Insert into SYSTEM.FILM_GATUNEK (ID_GATUNKU,ID_FILMU) values ('2','7');
Insert into SYSTEM.FILM_GATUNEK (ID_GATUNKU,ID_FILMU) values ('2','8');
Insert into SYSTEM.FILM_GATUNEK (ID_GATUNKU,ID_FILMU) values ('8','8');
Insert into SYSTEM.FILM_GATUNEK (ID_GATUNKU,ID_FILMU) values ('9','9');
Insert into SYSTEM.FILM_GATUNEK (ID_GATUNKU,ID_FILMU) values ('4','9');
Insert into SYSTEM.FILM_GATUNEK (ID_GATUNKU,ID_FILMU) values ('7','10');
Insert into SYSTEM.FILM_GATUNEK (ID_GATUNKU,ID_FILMU) values ('7','11');
Insert into SYSTEM.FILM_GATUNEK (ID_GATUNKU,ID_FILMU) values ('2','12');
Insert into SYSTEM.FILM_GATUNEK (ID_GATUNKU,ID_FILMU) values ('8','12');
Insert into SYSTEM.FILM_GATUNEK (ID_GATUNKU,ID_FILMU) values ('1','13');
Insert into SYSTEM.FILM_GATUNEK (ID_GATUNKU,ID_FILMU) values ('2','13');
Insert into SYSTEM.FILM_GATUNEK (ID_GATUNKU,ID_FILMU) values ('1','14');
Insert into SYSTEM.FILM_GATUNEK (ID_GATUNKU,ID_FILMU) values ('7','14');
Insert into SYSTEM.FILM_GATUNEK (ID_GATUNKU,ID_FILMU) values ('10','15');
Insert into SYSTEM.FILM_GATUNEK (ID_GATUNKU,ID_FILMU) values ('8','15');
Insert into SYSTEM.FILM_GATUNEK (ID_GATUNKU,ID_FILMU) values ('11','11');
Insert into SYSTEM.FILM_GATUNEK (ID_GATUNKU,ID_FILMU) values ('1','16');
Insert into SYSTEM.FILM_AKTOR (ID_AKTORA,ID_FILMU) values ('1','1');
Insert into SYSTEM.FILM_AKTOR (ID_AKTORA,ID_FILMU) values ('2','2');
Insert into SYSTEM.FILM_AKTOR (ID_AKTORA,ID_FILMU) values ('3','3');
Insert into SYSTEM.FILM_AKTOR (ID_AKTORA,ID_FILMU) values ('4','4');
Insert into SYSTEM.FILM_AKTOR (ID_AKTORA,ID_FILMU) values ('5','5');
Insert into SYSTEM.FILM_AKTOR (ID_AKTORA,ID_FILMU) values ('6','6');
Insert into SYSTEM.FILM_AKTOR (ID_AKTORA,ID_FILMU) values ('7','7');
Insert into SYSTEM.FILM_AKTOR (ID_AKTORA,ID_FILMU) values ('8','8');
Insert into SYSTEM.FILM_AKTOR (ID_AKTORA,ID_FILMU) values ('9','9');
Insert into SYSTEM.FILM_AKTOR (ID_AKTORA,ID_FILMU) values ('10','10');
Insert into SYSTEM.FILM_AKTOR (ID_AKTORA,ID_FILMU) values ('11','11');
Insert into SYSTEM.FILM_AKTOR (ID_AKTORA,ID_FILMU) values ('12','12');
Insert into SYSTEM.FILM_AKTOR (ID_AKTORA,ID_FILMU) values ('13','13');
Insert into SYSTEM.FILM_AKTOR (ID_AKTORA,ID_FILMU) values ('14','14');
Insert into SYSTEM.FILM_AKTOR (ID_AKTORA,ID_FILMU) values ('15','15');
Insert into SYSTEM.FILM_AKTOR (ID_AKTORA,ID_FILMU) values ('1','16');
Insert into SYSTEM.DYSTRYBUTORZY (ID_DYSTRYBUTORA,NAZWA_DYSTRYBUTORA)
values ('1','Walt Disney Studios');
Insert into SYSTEM.DYSTRYBUTORZY (ID_DYSTRYBUTORA,NAZWA_DYSTRYBUTORA)
values ('2','Paramount Pictures');
Insert into SYSTEM.DYSTRYBUTORZY (ID_DYSTRYBUTORA,NAZWA_DYSTRYBUTORA)
values ('3','Warner Bros. Pictures');
Insert into SYSTEM.DYSTRYBUTORZY (ID_DYSTRYBUTORA,NAZWA_DYSTRYBUTORA)
values ('4','Miramax Films');
Insert into SYSTEM.DYSTRYBUTORZY (ID_DYSTRYBUTORA,NAZWA_DYSTRYBUTORA)
values ('5','20th Century Fox');
Insert into SYSTEM.DYSTRYBUTORZY (ID_DYSTRYBUTORA,NAZWA_DYSTRYBUTORA)
values ('6','Orion Pictures');
Insert into SYSTEM.DYSTRYBUTORZY (ID_DYSTRYBUTORA,NAZWA_DYSTRYBUTORA)
values ('7','Universal Pictures');
Insert into SYSTEM.DYSTRYBUTORZY (ID_DYSTRYBUTORA,NAZWA_DYSTRYBUTORA)
values ('8','Walt Disney Pictures');
Insert into SYSTEM.AKTORZY (ID_AKTORA,IMIE_AKTORA,NAZWISKO_AKTORA) values
('1','Robert ','Downey Jr.');
Insert into SYSTEM.AKTORZY (ID_AKTORA,IMIE_AKTORA,NAZWISKO_AKTORA) values
('2','Marlon ','Brando');
Insert into SYSTEM.AKTORZY (ID_AKTORA,IMIE_AKTORA,NAZWISKO_AKTORA) values
('3','Morgan ','Freeman');
Insert into SYSTEM.AKTORZY (ID_AKTORA,IMIE_AKTORA,NAZWISKO_AKTORA) values
('4','Leonardo ','DiCaprio');
Insert into SYSTEM.AKTORZY (ID_AKTORA,IMIE_AKTORA,NAZWISKO_AKTORA) values
('5','Christian ','Bale');
Insert into SYSTEM.AKTORZY (ID_AKTORA,IMIE_AKTORA,NAZWISKO_AKTORA) values
('6','John ','Travolta');
Insert into SYSTEM.AKTORZY (ID_AKTORA,IMIE_AKTORA,NAZWISKO_AKTORA) values
('7','Keanu ','Reeves');
Insert into SYSTEM.AKTORZY (ID_AKTORA,IMIE_AKTORA,NAZWISKO_AKTORA) values
('8','Mark ','Hamill');
Insert into SYSTEM.AKTORZY (ID_AKTORA,IMIE_AKTORA,NAZWISKO_AKTORA) values
('9','Tom ','Hanks');
Insert into SYSTEM.AKTORZY (ID_AKTORA,IMIE_AKTORA,NAZWISKO_AKTORA) values
('10','Anthony ','Hopkins');
Insert into SYSTEM.AKTORZY (ID_AKTORA,IMIE_AKTORA,NAZWISKO_AKTORA) values
('11','Roy ','Scheider');
Insert into SYSTEM.AKTORZY (ID_AKTORA,IMIE_AKTORA,NAZWISKO_AKTORA) values
('12','Sam ','Neill');
Insert into SYSTEM.AKTORZY (ID_AKTORA,IMIE_AKTORA,NAZWISKO_AKTORA) values
('13','Arnold ','Schwarzenegger');
Insert into SYSTEM.AKTORZY (ID_AKTORA,IMIE_AKTORA,NAZWISKO_AKTORA) values
('14','Bruce ','Willis');
Insert into SYSTEM.AKTORZY (ID_AKTORA,IMIE_AKTORA,NAZWISKO_AKTORA) values
('15','Matthew ','Broderick');
Commit